{
  "accuracy": {
    "mean": 0.729599699340495,
    "std": 0.014744358964190822
  },
  "f1": {
    "mean": 0.7256999716594725,
    "std": 0.011063661222132933
  },
  "precision": {
    "mean": 0.7209565232504351,
    "std": 0.013356100081432577
  },
  "recall": {
    "mean": 0.7307387010717219,
    "std": 0.016674926699994656
  },
  "roc_auc": {
    "mean": 0.7984115306608139,
    "std": 0.01418774350227281
  }
}