{
  "accuracy": {
    "mean": 0.7359773055490375,
    "std": 0.009178540785118114
  },
  "f1": {
    "mean": 0.7349124177611891,
    "std": 0.006728537688209994
  },
  "precision": {
    "mean": 0.7226110460087237,
    "std": 0.006634740636683787
  },
  "recall": {
    "mean": 0.7480036933635333,
    "std": 0.019609863579250528
  },
  "roc_auc": {
    "mean": 0.8051350607120138,
    "std": 0.010929244617669172
  }
}