fold,accuracy,f1,precision,recall,roc_auc
0,0.665938864628821,0.6631439894319683,0.6559233449477352,0.6705253784505788,0.714293562734779
1,0.6867627785058977,0.6897446992643878,0.6960698689956332,0.6835334476843911,0.7426803358438634
2,0.6767147225862822,0.6779808529155787,0.6652433817250214,0.6912156166814551,0.728036750882348
3,0.673219746614242,0.6747826086956522,0.6450540315876975,0.707383773928897,0.7306618722201489
4,0.6871996505024028,0.6766034327009937,0.6657777777777778,0.6877869605142333,0.7478550658096113
