{
  "accuracy": {
    "mean": 0.6779671525675292,
    "std": 0.00910203560535847
  },
  "f1": {
    "mean": 0.6764511166017162,
    "std": 0.009472937579465143
  },
  "precision": {
    "mean": 0.665613681006773,
    "std": 0.019002271135929328
  },
  "recall": {
    "mean": 0.6880890354519111,
    "std": 0.013335939407445355
  },
  "roc_auc": {
    "mean": 0.73270551749815,
    "std": 0.013171747805576377
  }
}