{
  "accuracy": {
    "mean": 0.6775304713448217,
    "std": 0.009840548498546953
  },
  "f1": {
    "mean": 0.6757945911500537,
    "std": 0.010814956330543659
  },
  "precision": {
    "mean": 0.665344812613809,
    "std": 0.01948465891536823
  },
  "recall": {
    "mean": 0.6869822104564414,
    "std": 0.013562601877017577
  },
  "roc_auc": {
    "mean": 0.7326993185505113,
    "std": 0.013202874726075065
  }
}