fold,accuracy,f1,precision,recall,roc_auc
0,0.5096069868995633,0.0,0.0,0.0,0.5499900422802491
1,0.509392747924858,0.6749638205499277,0.509392747924858,1.0,0.5387183466242255
2,0.4923547400611621,0.6598360655737705,0.4923547400611621,1.0,0.5841139943218177
3,0.47924858016601135,0.6479621972829297,0.47924858016601135,1.0,0.5263038151639922
4,0.47575360419397117,0.6447602131438721,0.47575360419397117,1.0,0.5506745485154576
