{
  "accuracy": {
    "mean": 0.4932713318491132,
    "std": 0.016055389824650643
  },
  "f1": {
    "mean": 0.5255044593101,
    "std": 0.2940050383370492
  },
  "precision": {
    "mean": 0.3913499344692005,
    "std": 0.2191694545030091
  },
  "recall": {
    "mean": 0.8,
    "std": 0.44721359549995804
  },
  "roc_auc": {
    "mean": 0.5499601493811485,
    "std": 0.021523223862604517
  }
}