{
  "accuracy": {
    "mean": 0.7048761019571483,
    "std": 0.009953715264844645
  },
  "f1": {
    "mean": 0.6979153376227446,
    "std": 0.012375978883014865
  },
  "precision": {
    "mean": 0.698996244445386,
    "std": 0.008059950291260594
  },
  "recall": {
    "mean": 0.6970684831405778,
    "std": 0.020715004343450662
  },
  "roc_auc": {
    "mean": 0.7709606554083066,
    "std": 0.007484140230021296
  }
}