{
  "accuracy": {
    "mean": 0.7250563450411212,
    "std": 0.009762430618159812
  },
  "f1": {
    "mean": 0.7221331362318285,
    "std": 0.008176876320904294
  },
  "precision": {
    "mean": 0.7144958311712768,
    "std": 0.006750283526322002
  },
  "recall": {
    "mean": 0.7302296166348105,
    "std": 0.01906288886551172
  },
  "roc_auc": {
    "mean": 0.794272285520363,
    "std": 0.009642406765913039
  }
}