fold,accuracy,f1,precision,recall,roc_auc
0,0.6768558951965066,0.6657633242999097,0.6755270394133822,0.6562778272484416,0.6764679624674085
1,0.6705985146352119,0.6733102253032929,0.680385288966725,0.6663807890222985,0.6706792636117727
2,0.6614242027086064,0.647887323943662,0.6638733705772812,0.6326530612244898,0.6609909023850504
3,0.6924421144604631,0.6779505946935042,0.6804407713498623,0.6754785779398359,0.6917661346075019
4,0.6775884665792923,0.6690582959641256,0.6538124452234881,0.6850321395775941,0.6779327364554637
