{
  "accuracy": {
    "mean": 0.675781838716016,
    "std": 0.011346704914738154
  },
  "f1": {
    "mean": 0.6667939528408988,
    "std": 0.011517188518237605
  },
  "precision": {
    "mean": 0.6708077831061477,
    "std": 0.011658924135319815
  },
  "recall": {
    "mean": 0.663164479002532,
    "std": 0.02011559624405544
  },
  "roc_auc": {
    "mean": 0.6755673999054395,
    "std": 0.011238026875947502
  }
}