{
  "accuracy": {
    "mean": 0.6770050421514705,
    "std": 0.010872631742349986
  },
  "f1": {
    "mean": 0.6706247539564796,
    "std": 0.011529669608003576
  },
  "precision": {
    "mean": 0.6693669364894815,
    "std": 0.011500223238355338
  },
  "recall": {
    "mean": 0.672210548954569,
    "std": 0.01997857520216436
  },
  "roc_auc": {
    "mean": 0.740455401484774,
    "std": 0.012505121331166033
  }
}