{
  "accuracy": {
    "mean": 0.699895761196991,
    "std": 0.015077230194999186
  },
  "f1": {
    "mean": 0.6921916606483794,
    "std": 0.016733694235211132
  },
  "precision": {
    "mean": 0.6946230925868464,
    "std": 0.01479028460587543
  },
  "recall": {
    "mean": 0.6898393067439613,
    "std": 0.019808770323390432
  },
  "roc_auc": {
    "mean": 0.7643688708436646,
    "std": 0.014825923556811135
  }
}