{
  "accuracy": {
    "mean": 0.731172056980318,
    "std": 0.012206548811294732
  },
  "f1": {
    "mean": 0.7286159354834855,
    "std": 0.008873237551442169
  },
  "precision": {
    "mean": 0.7202656262364243,
    "std": 0.009423368325389741
  },
  "recall": {
    "mean": 0.7373387470145186,
    "std": 0.015064569200813935
  },
  "roc_auc": {
    "mean": 0.7974438416961682,
    "std": 0.014209721652859903
  }
}